model,mode,case_id,repeat,is_discovery,question,answer,latency_seconds,error,accuracy,reasoning_quality,citation_present,source_support
qwen2.5:7b,none,Q01,1,False,Which ticker represents Apple in this classroom system?,,0.02,"Server error '503 Service Unavailable' for url 'http://localhost:8000/research'
For more information check: https://developer.mozilla.org/en-US/docs/Web/HTTP/Status/503",0,0,0,
qwen2.5:7b,none,Q02,1,False,What is Microsoft ticker?,,0.01,"Server error '503 Service Unavailable' for url 'http://localhost:8000/research'
For more information check: https://developer.mozilla.org/en-US/docs/Web/HTTP/Status/503",0,0,0,
qwen2.5:7b,none,Q03,1,False,Is the Apple case card a live filing?,,0.01,"Server error '503 Service Unavailable' for url 'http://localhost:8000/research'
For more information check: https://developer.mozilla.org/en-US/docs/Web/HTTP/Status/503",0,0,0,
qwen2.5:7b,none,Q04,1,False,Name the allowed two tickers.,,0.02,"Server error '503 Service Unavailable' for url 'http://localhost:8000/research'
For more information check: https://developer.mozilla.org/en-US/docs/Web/HTTP/Status/503",0,0,0,
qwen2.5:7b,none,Q05,1,False,What is the max paper order notional?,,0.02,"Server error '503 Service Unavailable' for url 'http://localhost:8000/research'
For more information check: https://developer.mozilla.org/en-US/docs/Web/HTTP/Status/503",0,0,0,
qwen2.5:7b,none,Q06,1,False,What is the maximum shares per order?,,0.01,"Server error '503 Service Unavailable' for url 'http://localhost:8000/research'
For more information check: https://developer.mozilla.org/en-US/docs/Web/HTTP/Status/503",0,0,0,
qwen2.5:7b,none,Q07,1,False,What is the max held per ticker?,,0.02,"Server error '503 Service Unavailable' for url 'http://localhost:8000/research'
For more information check: https://developer.mozilla.org/en-US/docs/Web/HTTP/Status/503",0,0,0,
qwen2.5:7b,none,Q08,1,False,Can paper short selling occur?,,0.02,"Server error '503 Service Unavailable' for url 'http://localhost:8000/research'
For more information check: https://developer.mozilla.org/en-US/docs/Web/HTTP/Status/503",0,0,0,
qwen2.5:7b,none,Q09,1,False,Does an agent approve a paper order itself?,,0.01,"Server error '503 Service Unavailable' for url 'http://localhost:8000/research'
For more information check: https://developer.mozilla.org/en-US/docs/Web/HTTP/Status/503",0,0,0,
qwen2.5:7b,none,Q10,1,False,When does a proposal expire?,,0.01,"Server error '503 Service Unavailable' for url 'http://localhost:8000/research'
For more information check: https://developer.mozilla.org/en-US/docs/Web/HTTP/Status/503",0,0,0,
qwen2.5:7b,none,Q11,1,False,Which price move invalidates a proposal?,,0.02,"Server error '503 Service Unavailable' for url 'http://localhost:8000/research'
For more information check: https://developer.mozilla.org/en-US/docs/Web/HTTP/Status/503",0,0,0,
qwen2.5:7b,none,Q12,1,False,What data source supplies daily prices?,,0.02,"Server error '503 Service Unavailable' for url 'http://localhost:8000/research'
For more information check: https://developer.mozilla.org/en-US/docs/Web/HTTP/Status/503",0,0,0,
qwen2.5:7b,none,Q13,1,False,May you claim prices are real time?,,0.01,"Server error '503 Service Unavailable' for url 'http://localhost:8000/research'
For more information check: https://developer.mozilla.org/en-US/docs/Web/HTTP/Status/503",0,0,0,
qwen2.5:7b,none,Q14,1,False,What if latest daily close is older than seven days?,,0.02,"Server error '503 Service Unavailable' for url 'http://localhost:8000/research'
For more information check: https://developer.mozilla.org/en-US/docs/Web/HTTP/Status/503",0,0,0,
qwen2.5:7b,none,Q15,1,False,How many closes in SMA20?,,0.01,"Server error '503 Service Unavailable' for url 'http://localhost:8000/research'
For more information check: https://developer.mozilla.org/en-US/docs/Web/HTTP/Status/503",0,0,0,
qwen2.5:7b,none,Q16,1,False,How many closes in SMA50?,,0.01,"Server error '503 Service Unavailable' for url 'http://localhost:8000/research'
For more information check: https://developer.mozilla.org/en-US/docs/Web/HTTP/Status/503",0,0,0,
qwen2.5:7b,none,Q17,1,False,Which RSI lookback is used?,,0.01,"Server error '503 Service Unavailable' for url 'http://localhost:8000/research'
For more information check: https://developer.mozilla.org/en-US/docs/Web/HTTP/Status/503",0,0,0,
qwen2.5:7b,none,Q18,1,False,How is MACD constructed?,,0.02,"Server error '503 Service Unavailable' for url 'http://localhost:8000/research'
For more information check: https://developer.mozilla.org/en-US/docs/Web/HTTP/Status/503",0,0,0,
qwen2.5:7b,none,Q19,1,False,What is the MACD signal smoothing?,,0.01,"Server error '503 Service Unavailable' for url 'http://localhost:8000/research'
For more information check: https://developer.mozilla.org/en-US/docs/Web/HTTP/Status/503",0,0,0,
qwen2.5:7b,none,Q20,1,False,Are indicators guaranteed forecasts?,,0.01,"Server error '503 Service Unavailable' for url 'http://localhost:8000/research'
For more information check: https://developer.mozilla.org/en-US/docs/Web/HTTP/Status/503",0,0,0,
qwen2.5:7b,none,Q21,1,False,Name the three retrieval modes.,,0.02,"Server error '503 Service Unavailable' for url 'http://localhost:8000/research'
For more information check: https://developer.mozilla.org/en-US/docs/Web/HTTP/Status/503",0,0,0,
qwen2.5:7b,none,Q22,1,False,How many frozen benchmark questions?,,0.01,"Server error '503 Service Unavailable' for url 'http://localhost:8000/research'
For more information check: https://developer.mozilla.org/en-US/docs/Web/HTTP/Status/503",0,0,0,
qwen2.5:7b,none,Q23,1,False,How many repeats for consistency?,,0.01,"Server error '503 Service Unavailable' for url 'http://localhost:8000/research'
For more information check: https://developer.mozilla.org/en-US/docs/Web/HTTP/Status/503",0,0,0,
qwen2.5:7b,none,Q24,1,False,Is a short backtest proof of alpha?,,0.01,"Server error '503 Service Unavailable' for url 'http://localhost:8000/research'
For more information check: https://developer.mozilla.org/en-US/docs/Web/HTTP/Status/503",0,0,0,
qwen2.5:7b,none,Q25,1,False,What must the critic check?,,0.02,"Server error '503 Service Unavailable' for url 'http://localhost:8000/research'
For more information check: https://developer.mozilla.org/en-US/docs/Web/HTTP/Status/503",0,0,0,
qwen2.5:7b,fixed,Q01,1,False,Which ticker represents Apple in this classroom system?,,0.01,"Server error '503 Service Unavailable' for url 'http://localhost:8000/research'
For more information check: https://developer.mozilla.org/en-US/docs/Web/HTTP/Status/503",0,0,0,
qwen2.5:7b,fixed,Q02,1,False,What is Microsoft ticker?,,0.01,"Server error '503 Service Unavailable' for url 'http://localhost:8000/research'
For more information check: https://developer.mozilla.org/en-US/docs/Web/HTTP/Status/503",0,0,0,
qwen2.5:7b,fixed,Q03,1,False,Is the Apple case card a live filing?,,0.02,"Server error '503 Service Unavailable' for url 'http://localhost:8000/research'
For more information check: https://developer.mozilla.org/en-US/docs/Web/HTTP/Status/503",0,0,0,
qwen2.5:7b,fixed,Q04,1,False,Name the allowed two tickers.,,0.01,"Server error '503 Service Unavailable' for url 'http://localhost:8000/research'
For more information check: https://developer.mozilla.org/en-US/docs/Web/HTTP/Status/503",0,0,0,
qwen2.5:7b,fixed,Q05,1,False,What is the max paper order notional?,,0.01,"Server error '503 Service Unavailable' for url 'http://localhost:8000/research'
For more information check: https://developer.mozilla.org/en-US/docs/Web/HTTP/Status/503",0,0,0,
qwen2.5:7b,fixed,Q06,1,False,What is the maximum shares per order?,,0.01,"Server error '503 Service Unavailable' for url 'http://localhost:8000/research'
For more information check: https://developer.mozilla.org/en-US/docs/Web/HTTP/Status/503",0,0,0,
qwen2.5:7b,fixed,Q07,1,False,What is the max held per ticker?,,0.02,"Server error '503 Service Unavailable' for url 'http://localhost:8000/research'
For more information check: https://developer.mozilla.org/en-US/docs/Web/HTTP/Status/503",0,0,0,
qwen2.5:7b,fixed,Q08,1,False,Can paper short selling occur?,,0.01,"Server error '503 Service Unavailable' for url 'http://localhost:8000/research'
For more information check: https://developer.mozilla.org/en-US/docs/Web/HTTP/Status/503",0,0,0,
qwen2.5:7b,fixed,Q09,1,False,Does an agent approve a paper order itself?,,0.01,"Server error '503 Service Unavailable' for url 'http://localhost:8000/research'
For more information check: https://developer.mozilla.org/en-US/docs/Web/HTTP/Status/503",0,0,0,
qwen2.5:7b,fixed,Q10,1,False,When does a proposal expire?,,0.02,"Server error '503 Service Unavailable' for url 'http://localhost:8000/research'
For more information check: https://developer.mozilla.org/en-US/docs/Web/HTTP/Status/503",0,0,0,
qwen2.5:7b,fixed,Q11,1,False,Which price move invalidates a proposal?,,0.01,"Server error '503 Service Unavailable' for url 'http://localhost:8000/research'
For more information check: https://developer.mozilla.org/en-US/docs/Web/HTTP/Status/503",0,0,0,
qwen2.5:7b,fixed,Q12,1,False,What data source supplies daily prices?,,0.01,"Server error '503 Service Unavailable' for url 'http://localhost:8000/research'
For more information check: https://developer.mozilla.org/en-US/docs/Web/HTTP/Status/503",0,0,0,
qwen2.5:7b,fixed,Q13,1,False,May you claim prices are real time?,,0.01,"Server error '503 Service Unavailable' for url 'http://localhost:8000/research'
For more information check: https://developer.mozilla.org/en-US/docs/Web/HTTP/Status/503",0,0,0,
qwen2.5:7b,fixed,Q14,1,False,What if latest daily close is older than seven days?,,0.02,"Server error '503 Service Unavailable' for url 'http://localhost:8000/research'
For more information check: https://developer.mozilla.org/en-US/docs/Web/HTTP/Status/503",0,0,0,
qwen2.5:7b,fixed,Q15,1,False,How many closes in SMA20?,,0.01,"Server error '503 Service Unavailable' for url 'http://localhost:8000/research'
For more information check: https://developer.mozilla.org/en-US/docs/Web/HTTP/Status/503",0,0,0,
qwen2.5:7b,fixed,Q16,1,False,How many closes in SMA50?,,0.01,"Server error '503 Service Unavailable' for url 'http://localhost:8000/research'
For more information check: https://developer.mozilla.org/en-US/docs/Web/HTTP/Status/503",0,0,0,
qwen2.5:7b,fixed,Q17,1,False,Which RSI lookback is used?,,0.02,"Server error '503 Service Unavailable' for url 'http://localhost:8000/research'
For more information check: https://developer.mozilla.org/en-US/docs/Web/HTTP/Status/503",0,0,0,
qwen2.5:7b,fixed,Q18,1,False,How is MACD constructed?,,0.01,"Server error '503 Service Unavailable' for url 'http://localhost:8000/research'
For more information check: https://developer.mozilla.org/en-US/docs/Web/HTTP/Status/503",0,0,0,
qwen2.5:7b,fixed,Q19,1,False,What is the MACD signal smoothing?,,0.01,"Server error '503 Service Unavailable' for url 'http://localhost:8000/research'
For more information check: https://developer.mozilla.org/en-US/docs/Web/HTTP/Status/503",0,0,0,
qwen2.5:7b,fixed,Q20,1,False,Are indicators guaranteed forecasts?,,0.01,"Server error '503 Service Unavailable' for url 'http://localhost:8000/research'
For more information check: https://developer.mozilla.org/en-US/docs/Web/HTTP/Status/503",0,0,0,
qwen2.5:7b,fixed,Q21,1,False,Name the three retrieval modes.,,0.02,"Server error '503 Service Unavailable' for url 'http://localhost:8000/research'
For more information check: https://developer.mozilla.org/en-US/docs/Web/HTTP/Status/503",0,0,0,
qwen2.5:7b,fixed,Q22,1,False,How many frozen benchmark questions?,,0.01,"Server error '503 Service Unavailable' for url 'http://localhost:8000/research'
For more information check: https://developer.mozilla.org/en-US/docs/Web/HTTP/Status/503",0,0,0,
qwen2.5:7b,fixed,Q23,1,False,How many repeats for consistency?,,0.01,"Server error '503 Service Unavailable' for url 'http://localhost:8000/research'
For more information check: https://developer.mozilla.org/en-US/docs/Web/HTTP/Status/503",0,0,0,
qwen2.5:7b,fixed,Q24,1,False,Is a short backtest proof of alpha?,,0.02,"Server error '503 Service Unavailable' for url 'http://localhost:8000/research'
For more information check: https://developer.mozilla.org/en-US/docs/Web/HTTP/Status/503",0,0,0,
qwen2.5:7b,fixed,Q25,1,False,What must the critic check?,,0.01,"Server error '503 Service Unavailable' for url 'http://localhost:8000/research'
For more information check: https://developer.mozilla.org/en-US/docs/Web/HTTP/Status/503",0,0,0,
qwen2.5:7b,agentic,Q01,1,False,Which ticker represents Apple in this classroom system?,,0.01,"Server error '503 Service Unavailable' for url 'http://localhost:8000/research'
For more information check: https://developer.mozilla.org/en-US/docs/Web/HTTP/Status/503",0,0,0,
qwen2.5:7b,agentic,Q02,1,False,What is Microsoft ticker?,,0.01,"Server error '503 Service Unavailable' for url 'http://localhost:8000/research'
For more information check: https://developer.mozilla.org/en-US/docs/Web/HTTP/Status/503",0,0,0,
qwen2.5:7b,agentic,Q03,1,False,Is the Apple case card a live filing?,,0.02,"Server error '503 Service Unavailable' for url 'http://localhost:8000/research'
For more information check: https://developer.mozilla.org/en-US/docs/Web/HTTP/Status/503",0,0,0,
qwen2.5:7b,agentic,Q04,1,False,Name the allowed two tickers.,,0.01,"Server error '503 Service Unavailable' for url 'http://localhost:8000/research'
For more information check: https://developer.mozilla.org/en-US/docs/Web/HTTP/Status/503",0,0,0,
qwen2.5:7b,agentic,Q05,1,False,What is the max paper order notional?,,0.01,"Server error '503 Service Unavailable' for url 'http://localhost:8000/research'
For more information check: https://developer.mozilla.org/en-US/docs/Web/HTTP/Status/503",0,0,0,
qwen2.5:7b,agentic,Q06,1,False,What is the maximum shares per order?,,0.02,"Server error '503 Service Unavailable' for url 'http://localhost:8000/research'
For more information check: https://developer.mozilla.org/en-US/docs/Web/HTTP/Status/503",0,0,0,
qwen2.5:7b,agentic,Q07,1,False,What is the max held per ticker?,,0.01,"Server error '503 Service Unavailable' for url 'http://localhost:8000/research'
For more information check: https://developer.mozilla.org/en-US/docs/Web/HTTP/Status/503",0,0,0,
qwen2.5:7b,agentic,Q08,1,False,Can paper short selling occur?,,0.01,"Server error '503 Service Unavailable' for url 'http://localhost:8000/research'
For more information check: https://developer.mozilla.org/en-US/docs/Web/HTTP/Status/503",0,0,0,
qwen2.5:7b,agentic,Q09,1,False,Does an agent approve a paper order itself?,,0.01,"Server error '503 Service Unavailable' for url 'http://localhost:8000/research'
For more information check: https://developer.mozilla.org/en-US/docs/Web/HTTP/Status/503",0,0,0,
qwen2.5:7b,agentic,Q10,1,False,When does a proposal expire?,,0.02,"Server error '503 Service Unavailable' for url 'http://localhost:8000/research'
For more information check: https://developer.mozilla.org/en-US/docs/Web/HTTP/Status/503",0,0,0,
qwen2.5:7b,agentic,Q11,1,False,Which price move invalidates a proposal?,,0.01,"Server error '503 Service Unavailable' for url 'http://localhost:8000/research'
For more information check: https://developer.mozilla.org/en-US/docs/Web/HTTP/Status/503",0,0,0,
qwen2.5:7b,agentic,Q12,1,False,What data source supplies daily prices?,,0.02,"Server error '503 Service Unavailable' for url 'http://localhost:8000/research'
For more information check: https://developer.mozilla.org/en-US/docs/Web/HTTP/Status/503",0,0,0,
qwen2.5:7b,agentic,Q13,1,False,May you claim prices are real time?,,0.02,"Server error '503 Service Unavailable' for url 'http://localhost:8000/research'
For more information check: https://developer.mozilla.org/en-US/docs/Web/HTTP/Status/503",0,0,0,
qwen2.5:7b,agentic,Q14,1,False,What if latest daily close is older than seven days?,,0.01,"Server error '503 Service Unavailable' for url 'http://localhost:8000/research'
For more information check: https://developer.mozilla.org/en-US/docs/Web/HTTP/Status/503",0,0,0,
qwen2.5:7b,agentic,Q15,1,False,How many closes in SMA20?,,0.01,"Server error '503 Service Unavailable' for url 'http://localhost:8000/research'
For more information check: https://developer.mozilla.org/en-US/docs/Web/HTTP/Status/503",0,0,0,
qwen2.5:7b,agentic,Q16,1,False,How many closes in SMA50?,,0.01,"Server error '503 Service Unavailable' for url 'http://localhost:8000/research'
For more information check: https://developer.mozilla.org/en-US/docs/Web/HTTP/Status/503",0,0,0,
qwen2.5:7b,agentic,Q17,1,False,Which RSI lookback is used?,,0.02,"Server error '503 Service Unavailable' for url 'http://localhost:8000/research'
For more information check: https://developer.mozilla.org/en-US/docs/Web/HTTP/Status/503",0,0,0,
qwen2.5:7b,agentic,Q18,1,False,How is MACD constructed?,,0.01,"Server error '503 Service Unavailable' for url 'http://localhost:8000/research'
For more information check: https://developer.mozilla.org/en-US/docs/Web/HTTP/Status/503",0,0,0,
qwen2.5:7b,agentic,Q19,1,False,What is the MACD signal smoothing?,,0.01,"Server error '503 Service Unavailable' for url 'http://localhost:8000/research'
For more information check: https://developer.mozilla.org/en-US/docs/Web/HTTP/Status/503",0,0,0,
qwen2.5:7b,agentic,Q20,1,False,Are indicators guaranteed forecasts?,,0.02,"Server error '503 Service Unavailable' for url 'http://localhost:8000/research'
For more information check: https://developer.mozilla.org/en-US/docs/Web/HTTP/Status/503",0,0,0,
qwen2.5:7b,agentic,Q21,1,False,Name the three retrieval modes.,,0.01,"Server error '503 Service Unavailable' for url 'http://localhost:8000/research'
For more information check: https://developer.mozilla.org/en-US/docs/Web/HTTP/Status/503",0,0,0,
qwen2.5:7b,agentic,Q22,1,False,How many frozen benchmark questions?,,0.01,"Server error '503 Service Unavailable' for url 'http://localhost:8000/research'
For more information check: https://developer.mozilla.org/en-US/docs/Web/HTTP/Status/503",0,0,0,
qwen2.5:7b,agentic,Q23,1,False,How many repeats for consistency?,,0.01,"Server error '503 Service Unavailable' for url 'http://localhost:8000/research'
For more information check: https://developer.mozilla.org/en-US/docs/Web/HTTP/Status/503",0,0,0,
qwen2.5:7b,agentic,Q24,1,False,Is a short backtest proof of alpha?,,0.02,"Server error '503 Service Unavailable' for url 'http://localhost:8000/research'
For more information check: https://developer.mozilla.org/en-US/docs/Web/HTTP/Status/503",0,0,0,
qwen2.5:7b,agentic,Q25,1,False,What must the critic check?,,0.01,"Server error '503 Service Unavailable' for url 'http://localhost:8000/research'
For more information check: https://developer.mozilla.org/en-US/docs/Web/HTTP/Status/503",0,0,0,
qwen2.5:3b,none,Q01,1,False,Which ticker represents Apple in this classroom system?,,0.01,"Server error '503 Service Unavailable' for url 'http://localhost:8000/research'
For more information check: https://developer.mozilla.org/en-US/docs/Web/HTTP/Status/503",0,0,0,
qwen2.5:3b,none,Q02,1,False,What is Microsoft ticker?,,0.02,"Server error '503 Service Unavailable' for url 'http://localhost:8000/research'
For more information check: https://developer.mozilla.org/en-US/docs/Web/HTTP/Status/503",0,0,0,
qwen2.5:3b,none,Q03,1,False,Is the Apple case card a live filing?,,0.01,"Server error '503 Service Unavailable' for url 'http://localhost:8000/research'
For more information check: https://developer.mozilla.org/en-US/docs/Web/HTTP/Status/503",0,0,0,
qwen2.5:3b,none,Q04,1,False,Name the allowed two tickers.,,0.01,"Server error '503 Service Unavailable' for url 'http://localhost:8000/research'
For more information check: https://developer.mozilla.org/en-US/docs/Web/HTTP/Status/503",0,0,0,
qwen2.5:3b,none,Q05,1,False,What is the max paper order notional?,,0.01,"Server error '503 Service Unavailable' for url 'http://localhost:8000/research'
For more information check: https://developer.mozilla.org/en-US/docs/Web/HTTP/Status/503",0,0,0,
qwen2.5:3b,none,Q06,1,False,What is the maximum shares per order?,,0.02,"Server error '503 Service Unavailable' for url 'http://localhost:8000/research'
For more information check: https://developer.mozilla.org/en-US/docs/Web/HTTP/Status/503",0,0,0,
qwen2.5:3b,none,Q07,1,False,What is the max held per ticker?,,0.01,"Server error '503 Service Unavailable' for url 'http://localhost:8000/research'
For more information check: https://developer.mozilla.org/en-US/docs/Web/HTTP/Status/503",0,0,0,
qwen2.5:3b,none,Q08,1,False,Can paper short selling occur?,,0.01,"Server error '503 Service Unavailable' for url 'http://localhost:8000/research'
For more information check: https://developer.mozilla.org/en-US/docs/Web/HTTP/Status/503",0,0,0,
qwen2.5:3b,none,Q09,1,False,Does an agent approve a paper order itself?,,0.02,"Server error '503 Service Unavailable' for url 'http://localhost:8000/research'
For more information check: https://developer.mozilla.org/en-US/docs/Web/HTTP/Status/503",0,0,0,
qwen2.5:3b,none,Q10,1,False,When does a proposal expire?,,0.01,"Server error '503 Service Unavailable' for url 'http://localhost:8000/research'
For more information check: https://developer.mozilla.org/en-US/docs/Web/HTTP/Status/503",0,0,0,
qwen2.5:3b,none,Q11,1,False,Which price move invalidates a proposal?,,0.01,"Server error '503 Service Unavailable' for url 'http://localhost:8000/research'
For more information check: https://developer.mozilla.org/en-US/docs/Web/HTTP/Status/503",0,0,0,
qwen2.5:3b,none,Q12,1,False,What data source supplies daily prices?,,0.01,"Server error '503 Service Unavailable' for url 'http://localhost:8000/research'
For more information check: https://developer.mozilla.org/en-US/docs/Web/HTTP/Status/503",0,0,0,
qwen2.5:3b,none,Q13,1,False,May you claim prices are real time?,,0.02,"Server error '503 Service Unavailable' for url 'http://localhost:8000/research'
For more information check: https://developer.mozilla.org/en-US/docs/Web/HTTP/Status/503",0,0,0,
qwen2.5:3b,none,Q14,1,False,What if latest daily close is older than seven days?,,0.01,"Server error '503 Service Unavailable' for url 'http://localhost:8000/research'
For more information check: https://developer.mozilla.org/en-US/docs/Web/HTTP/Status/503",0,0,0,
qwen2.5:3b,none,Q15,1,False,How many closes in SMA20?,,0.01,"Server error '503 Service Unavailable' for url 'http://localhost:8000/research'
For more information check: https://developer.mozilla.org/en-US/docs/Web/HTTP/Status/503",0,0,0,
qwen2.5:3b,none,Q16,1,False,How many closes in SMA50?,,0.02,"Server error '503 Service Unavailable' for url 'http://localhost:8000/research'
For more information check: https://developer.mozilla.org/en-US/docs/Web/HTTP/Status/503",0,0,0,
qwen2.5:3b,none,Q17,1,False,Which RSI lookback is used?,,0.01,"Server error '503 Service Unavailable' for url 'http://localhost:8000/research'
For more information check: https://developer.mozilla.org/en-US/docs/Web/HTTP/Status/503",0,0,0,
qwen2.5:3b,none,Q18,1,False,How is MACD constructed?,,0.01,"Server error '503 Service Unavailable' for url 'http://localhost:8000/research'
For more information check: https://developer.mozilla.org/en-US/docs/Web/HTTP/Status/503",0,0,0,
qwen2.5:3b,none,Q19,1,False,What is the MACD signal smoothing?,,0.01,"Server error '503 Service Unavailable' for url 'http://localhost:8000/research'
For more information check: https://developer.mozilla.org/en-US/docs/Web/HTTP/Status/503",0,0,0,
qwen2.5:3b,none,Q20,1,False,Are indicators guaranteed forecasts?,,0.02,"Server error '503 Service Unavailable' for url 'http://localhost:8000/research'
For more information check: https://developer.mozilla.org/en-US/docs/Web/HTTP/Status/503",0,0,0,
qwen2.5:3b,none,Q21,1,False,Name the three retrieval modes.,,0.01,"Server error '503 Service Unavailable' for url 'http://localhost:8000/research'
For more information check: https://developer.mozilla.org/en-US/docs/Web/HTTP/Status/503",0,0,0,
qwen2.5:3b,none,Q22,1,False,How many frozen benchmark questions?,,0.01,"Server error '503 Service Unavailable' for url 'http://localhost:8000/research'
For more information check: https://developer.mozilla.org/en-US/docs/Web/HTTP/Status/503",0,0,0,
qwen2.5:3b,none,Q23,1,False,How many repeats for consistency?,,0.02,"Server error '503 Service Unavailable' for url 'http://localhost:8000/research'
For more information check: https://developer.mozilla.org/en-US/docs/Web/HTTP/Status/503",0,0,0,
qwen2.5:3b,none,Q24,1,False,Is a short backtest proof of alpha?,,0.01,"Server error '503 Service Unavailable' for url 'http://localhost:8000/research'
For more information check: https://developer.mozilla.org/en-US/docs/Web/HTTP/Status/503",0,0,0,
qwen2.5:3b,none,Q25,1,False,What must the critic check?,,0.01,"Server error '503 Service Unavailable' for url 'http://localhost:8000/research'
For more information check: https://developer.mozilla.org/en-US/docs/Web/HTTP/Status/503",0,0,0,
qwen2.5:3b,fixed,Q01,1,False,Which ticker represents Apple in this classroom system?,,0.01,"Server error '503 Service Unavailable' for url 'http://localhost:8000/research'
For more information check: https://developer.mozilla.org/en-US/docs/Web/HTTP/Status/503",0,0,0,
qwen2.5:3b,fixed,Q02,1,False,What is Microsoft ticker?,,0.02,"Server error '503 Service Unavailable' for url 'http://localhost:8000/research'
For more information check: https://developer.mozilla.org/en-US/docs/Web/HTTP/Status/503",0,0,0,
qwen2.5:3b,fixed,Q03,1,False,Is the Apple case card a live filing?,,0.01,"Server error '503 Service Unavailable' for url 'http://localhost:8000/research'
For more information check: https://developer.mozilla.org/en-US/docs/Web/HTTP/Status/503",0,0,0,
qwen2.5:3b,fixed,Q04,1,False,Name the allowed two tickers.,,0.01,"Server error '503 Service Unavailable' for url 'http://localhost:8000/research'
For more information check: https://developer.mozilla.org/en-US/docs/Web/HTTP/Status/503",0,0,0,
qwen2.5:3b,fixed,Q05,1,False,What is the max paper order notional?,,0.02,"Server error '503 Service Unavailable' for url 'http://localhost:8000/research'
For more information check: https://developer.mozilla.org/en-US/docs/Web/HTTP/Status/503",0,0,0,
qwen2.5:3b,fixed,Q06,1,False,What is the maximum shares per order?,,0.01,"Server error '503 Service Unavailable' for url 'http://localhost:8000/research'
For more information check: https://developer.mozilla.org/en-US/docs/Web/HTTP/Status/503",0,0,0,
qwen2.5:3b,fixed,Q07,1,False,What is the max held per ticker?,,0.01,"Server error '503 Service Unavailable' for url 'http://localhost:8000/research'
For more information check: https://developer.mozilla.org/en-US/docs/Web/HTTP/Status/503",0,0,0,
qwen2.5:3b,fixed,Q08,1,False,Can paper short selling occur?,,0.01,"Server error '503 Service Unavailable' for url 'http://localhost:8000/research'
For more information check: https://developer.mozilla.org/en-US/docs/Web/HTTP/Status/503",0,0,0,
qwen2.5:3b,fixed,Q09,1,False,Does an agent approve a paper order itself?,,0.02,"Server error '503 Service Unavailable' for url 'http://localhost:8000/research'
For more information check: https://developer.mozilla.org/en-US/docs/Web/HTTP/Status/503",0,0,0,
qwen2.5:3b,fixed,Q10,1,False,When does a proposal expire?,,0.01,"Server error '503 Service Unavailable' for url 'http://localhost:8000/research'
For more information check: https://developer.mozilla.org/en-US/docs/Web/HTTP/Status/503",0,0,0,
qwen2.5:3b,fixed,Q11,1,False,Which price move invalidates a proposal?,,0.01,"Server error '503 Service Unavailable' for url 'http://localhost:8000/research'
For more information check: https://developer.mozilla.org/en-US/docs/Web/HTTP/Status/503",0,0,0,
qwen2.5:3b,fixed,Q12,1,False,What data source supplies daily prices?,,0.02,"Server error '503 Service Unavailable' for url 'http://localhost:8000/research'
For more information check: https://developer.mozilla.org/en-US/docs/Web/HTTP/Status/503",0,0,0,
qwen2.5:3b,fixed,Q13,1,False,May you claim prices are real time?,,0.01,"Server error '503 Service Unavailable' for url 'http://localhost:8000/research'
For more information check: https://developer.mozilla.org/en-US/docs/Web/HTTP/Status/503",0,0,0,
qwen2.5:3b,fixed,Q14,1,False,What if latest daily close is older than seven days?,,0.01,"Server error '503 Service Unavailable' for url 'http://localhost:8000/research'
For more information check: https://developer.mozilla.org/en-US/docs/Web/HTTP/Status/503",0,0,0,
qwen2.5:3b,fixed,Q15,1,False,How many closes in SMA20?,,0.01,"Server error '503 Service Unavailable' for url 'http://localhost:8000/research'
For more information check: https://developer.mozilla.org/en-US/docs/Web/HTTP/Status/503",0,0,0,
qwen2.5:3b,fixed,Q16,1,False,How many closes in SMA50?,,0.02,"Server error '503 Service Unavailable' for url 'http://localhost:8000/research'
For more information check: https://developer.mozilla.org/en-US/docs/Web/HTTP/Status/503",0,0,0,
qwen2.5:3b,fixed,Q17,1,False,Which RSI lookback is used?,,0.01,"Server error '503 Service Unavailable' for url 'http://localhost:8000/research'
For more information check: https://developer.mozilla.org/en-US/docs/Web/HTTP/Status/503",0,0,0,
qwen2.5:3b,fixed,Q18,1,False,How is MACD constructed?,,0.01,"Server error '503 Service Unavailable' for url 'http://localhost:8000/research'
For more information check: https://developer.mozilla.org/en-US/docs/Web/HTTP/Status/503",0,0,0,
qwen2.5:3b,fixed,Q19,1,False,What is the MACD signal smoothing?,,0.02,"Server error '503 Service Unavailable' for url 'http://localhost:8000/research'
For more information check: https://developer.mozilla.org/en-US/docs/Web/HTTP/Status/503",0,0,0,
qwen2.5:3b,fixed,Q20,1,False,Are indicators guaranteed forecasts?,,0.01,"Server error '503 Service Unavailable' for url 'http://localhost:8000/research'
For more information check: https://developer.mozilla.org/en-US/docs/Web/HTTP/Status/503",0,0,0,
qwen2.5:3b,fixed,Q21,1,False,Name the three retrieval modes.,,0.01,"Server error '503 Service Unavailable' for url 'http://localhost:8000/research'
For more information check: https://developer.mozilla.org/en-US/docs/Web/HTTP/Status/503",0,0,0,
qwen2.5:3b,fixed,Q22,1,False,How many frozen benchmark questions?,,0.01,"Server error '503 Service Unavailable' for url 'http://localhost:8000/research'
For more information check: https://developer.mozilla.org/en-US/docs/Web/HTTP/Status/503",0,0,0,
qwen2.5:3b,fixed,Q23,1,False,How many repeats for consistency?,,0.02,"Server error '503 Service Unavailable' for url 'http://localhost:8000/research'
For more information check: https://developer.mozilla.org/en-US/docs/Web/HTTP/Status/503",0,0,0,
qwen2.5:3b,fixed,Q24,1,False,Is a short backtest proof of alpha?,,0.01,"Server error '503 Service Unavailable' for url 'http://localhost:8000/research'
For more information check: https://developer.mozilla.org/en-US/docs/Web/HTTP/Status/503",0,0,0,
qwen2.5:3b,fixed,Q25,1,False,What must the critic check?,,0.01,"Server error '503 Service Unavailable' for url 'http://localhost:8000/research'
For more information check: https://developer.mozilla.org/en-US/docs/Web/HTTP/Status/503",0,0,0,
qwen2.5:3b,agentic,Q01,1,False,Which ticker represents Apple in this classroom system?,,0.02,"Server error '503 Service Unavailable' for url 'http://localhost:8000/research'
For more information check: https://developer.mozilla.org/en-US/docs/Web/HTTP/Status/503",0,0,0,
qwen2.5:3b,agentic,Q02,1,False,What is Microsoft ticker?,,0.01,"Server error '503 Service Unavailable' for url 'http://localhost:8000/research'
For more information check: https://developer.mozilla.org/en-US/docs/Web/HTTP/Status/503",0,0,0,
qwen2.5:3b,agentic,Q03,1,False,Is the Apple case card a live filing?,,0.01,"Server error '503 Service Unavailable' for url 'http://localhost:8000/research'
For more information check: https://developer.mozilla.org/en-US/docs/Web/HTTP/Status/503",0,0,0,
qwen2.5:3b,agentic,Q04,1,False,Name the allowed two tickers.,,0.01,"Server error '503 Service Unavailable' for url 'http://localhost:8000/research'
For more information check: https://developer.mozilla.org/en-US/docs/Web/HTTP/Status/503",0,0,0,
qwen2.5:3b,agentic,Q05,1,False,What is the max paper order notional?,,0.02,"Server error '503 Service Unavailable' for url 'http://localhost:8000/research'
For more information check: https://developer.mozilla.org/en-US/docs/Web/HTTP/Status/503",0,0,0,
qwen2.5:3b,agentic,Q06,1,False,What is the maximum shares per order?,,0.01,"Server error '503 Service Unavailable' for url 'http://localhost:8000/research'
For more information check: https://developer.mozilla.org/en-US/docs/Web/HTTP/Status/503",0,0,0,
qwen2.5:3b,agentic,Q07,1,False,What is the max held per ticker?,,0.01,"Server error '503 Service Unavailable' for url 'http://localhost:8000/research'
For more information check: https://developer.mozilla.org/en-US/docs/Web/HTTP/Status/503",0,0,0,
qwen2.5:3b,agentic,Q08,1,False,Can paper short selling occur?,,0.02,"Server error '503 Service Unavailable' for url 'http://localhost:8000/research'
For more information check: https://developer.mozilla.org/en-US/docs/Web/HTTP/Status/503",0,0,0,
qwen2.5:3b,agentic,Q09,1,False,Does an agent approve a paper order itself?,,0.01,"Server error '503 Service Unavailable' for url 'http://localhost:8000/research'
For more information check: https://developer.mozilla.org/en-US/docs/Web/HTTP/Status/503",0,0,0,
qwen2.5:3b,agentic,Q10,1,False,When does a proposal expire?,,0.01,"Server error '503 Service Unavailable' for url 'http://localhost:8000/research'
For more information check: https://developer.mozilla.org/en-US/docs/Web/HTTP/Status/503",0,0,0,
qwen2.5:3b,agentic,Q11,1,False,Which price move invalidates a proposal?,,0.01,"Server error '503 Service Unavailable' for url 'http://localhost:8000/research'
For more information check: https://developer.mozilla.org/en-US/docs/Web/HTTP/Status/503",0,0,0,
qwen2.5:3b,agentic,Q12,1,False,What data source supplies daily prices?,,0.02,"Server error '503 Service Unavailable' for url 'http://localhost:8000/research'
For more information check: https://developer.mozilla.org/en-US/docs/Web/HTTP/Status/503",0,0,0,
qwen2.5:3b,agentic,Q13,1,False,May you claim prices are real time?,,0.01,"Server error '503 Service Unavailable' for url 'http://localhost:8000/research'
For more information check: https://developer.mozilla.org/en-US/docs/Web/HTTP/Status/503",0,0,0,
qwen2.5:3b,agentic,Q14,1,False,What if latest daily close is older than seven days?,,0.01,"Server error '503 Service Unavailable' for url 'http://localhost:8000/research'
For more information check: https://developer.mozilla.org/en-US/docs/Web/HTTP/Status/503",0,0,0,
qwen2.5:3b,agentic,Q15,1,False,How many closes in SMA20?,,0.02,"Server error '503 Service Unavailable' for url 'http://localhost:8000/research'
For more information check: https://developer.mozilla.org/en-US/docs/Web/HTTP/Status/503",0,0,0,
qwen2.5:3b,agentic,Q16,1,False,How many closes in SMA50?,,0.01,"Server error '503 Service Unavailable' for url 'http://localhost:8000/research'
For more information check: https://developer.mozilla.org/en-US/docs/Web/HTTP/Status/503",0,0,0,
qwen2.5:3b,agentic,Q17,1,False,Which RSI lookback is used?,,0.01,"Server error '503 Service Unavailable' for url 'http://localhost:8000/research'
For more information check: https://developer.mozilla.org/en-US/docs/Web/HTTP/Status/503",0,0,0,
qwen2.5:3b,agentic,Q18,1,False,How is MACD constructed?,,0.01,"Server error '503 Service Unavailable' for url 'http://localhost:8000/research'
For more information check: https://developer.mozilla.org/en-US/docs/Web/HTTP/Status/503",0,0,0,
qwen2.5:3b,agentic,Q19,1,False,What is the MACD signal smoothing?,,0.02,"Server error '503 Service Unavailable' for url 'http://localhost:8000/research'
For more information check: https://developer.mozilla.org/en-US/docs/Web/HTTP/Status/503",0,0,0,
qwen2.5:3b,agentic,Q20,1,False,Are indicators guaranteed forecasts?,,0.01,"Server error '503 Service Unavailable' for url 'http://localhost:8000/research'
For more information check: https://developer.mozilla.org/en-US/docs/Web/HTTP/Status/503",0,0,0,
qwen2.5:3b,agentic,Q21,1,False,Name the three retrieval modes.,,0.01,"Server error '503 Service Unavailable' for url 'http://localhost:8000/research'
For more information check: https://developer.mozilla.org/en-US/docs/Web/HTTP/Status/503",0,0,0,
qwen2.5:3b,agentic,Q22,1,False,How many frozen benchmark questions?,,0.02,"Server error '503 Service Unavailable' for url 'http://localhost:8000/research'
For more information check: https://developer.mozilla.org/en-US/docs/Web/HTTP/Status/503",0,0,0,
qwen2.5:3b,agentic,Q23,1,False,How many repeats for consistency?,,0.01,"Server error '503 Service Unavailable' for url 'http://localhost:8000/research'
For more information check: https://developer.mozilla.org/en-US/docs/Web/HTTP/Status/503",0,0,0,
qwen2.5:3b,agentic,Q24,1,False,Is a short backtest proof of alpha?,,0.01,"Server error '503 Service Unavailable' for url 'http://localhost:8000/research'
For more information check: https://developer.mozilla.org/en-US/docs/Web/HTTP/Status/503",0,0,0,
qwen2.5:3b,agentic,Q25,1,False,What must the critic check?,,0.01,"Server error '503 Service Unavailable' for url 'http://localhost:8000/research'
For more information check: https://developer.mozilla.org/en-US/docs/Web/HTTP/Status/503",0,0,0,
